timestamp,event,plate,start_time,end_time,duration_sec,duration_hms,blocks,cost_kyats
2025-11-03 23:10:23,START,1D 9662,2025-11-03 23:10:23,,,,,
2025-11-03 23:11:25,START,1D 4431,2025-11-03 23:11:25,,,,,
2025-11-03 23:11:27,START,1D 9631,2025-11-03 23:11:26,,,,,
2025-11-03 23:11:28,START,0I 6025,2025-11-03 23:11:28,,,,,
2025-11-03 23:11:32,START,1D 1612,2025-11-03 23:11:32,,,,,
2025-11-03 23:11:41,START,1D 9471,2025-11-03 23:11:41,,,,,
2025-11-03 23:11:43,START,1D 9651,2025-11-03 23:11:43,,,,,
2025-11-03 23:11:52,START,1O 1663,2025-11-03 23:11:52,,,,,
2025-11-03 23:12:05,START,4Z 1094,2025-11-03 23:12:05,,,,,
2025-11-03 23:12:11,START,5I 0425,2025-11-03 23:12:11,,,,,
2025-11-03 23:12:19,START,1D 4671,2025-11-03 23:12:19,,,,,
2025-11-03 23:12:24,START,1D 9710,2025-11-03 23:12:24,,,,,
2025-11-03 23:12:25,START,1D 1110,2025-11-03 23:12:25,,,,,
2025-11-03 23:12:27,START,1D 1046,2025-11-03 23:12:27,,,,,
2025-11-03 23:12:34,START,1D 4600,2025-11-03 23:12:34,,,,,
2025-11-03 23:12:37,RECEIPT,1D 4671,2025-11-03 23:12:19,2025-11-03 23:12:37,18,00:00:18,1,500
2025-11-03 23:12:39,START,1D 4601,2025-11-03 23:12:39,,,,,
2025-11-03 23:12:41,START,1D 1016,2025-11-03 23:12:41,,,,,
2025-11-03 23:12:42,START,1D 4631,2025-11-03 23:12:42,,,,,
2025-11-03 23:12:47,START,1D 4471,2025-11-03 23:12:47,,,,,
2025-11-03 23:12:50,START,4I 0962,2025-11-03 23:12:50,,,,,
2025-11-03 23:12:53,START,1D 1041,2025-11-03 23:12:53,,,,,
2025-11-03 23:12:56,START,1Z 9662,2025-11-03 23:12:56,,,,,
2025-11-03 23:12:58,RECEIPT,1D 9662,2025-11-03 23:10:23,2025-11-03 23:12:57,154,00:02:34,3,1500
2025-11-05 14:58:22,START,6Z 2315,2025-11-05 14:58:22,,,,,
2025-11-05 14:58:27,START,2I 1122,2025-11-05 14:58:26,,,,,
2025-11-05 14:58:40,START,7I 7171,2025-11-05 14:58:40,,,,,
2025-11-05 14:59:09,START,2Z 5212,2025-11-05 14:59:09,,,,,
2025-11-05 14:59:14,START,1T 2371,2025-11-05 14:59:14,,,,,
2025-11-05 14:59:15,START,1X 2371,2025-11-05 14:59:15,,,,,
2025-11-05 14:59:17,START,1K 2371,2025-11-05 14:59:17,,,,,
2025-11-05 14:59:19,START,1K 2318,2025-11-05 14:59:18,,,,,
2025-11-05 14:59:21,START,1Z 5212,2025-11-05 14:59:21,,,,,
2025-11-05 14:59:59,START,7S 7575,2025-11-05 14:59:59,,,,,
2025-11-05 15:00:09,START,7S 7517,2025-11-05 15:00:08,,,,,
2025-11-05 15:00:10,START,0L 7575,2025-11-05 15:00:10,,,,,
2025-11-05 15:00:13,RECEIPT,7S 7575,2025-11-05 14:59:59,2025-11-05 15:00:13,13,00:00:13,1,500
2025-11-05 15:00:27,RECEIPT,7S 7575,2025-11-05 15:00:13,2025-11-05 15:00:27,13,00:00:13,1,500
2025-11-05 15:00:30,RECEIPT,0L 7575,2025-11-05 15:00:10,2025-11-05 15:00:30,19,00:00:19,1,500
2025-11-05 15:00:36,RECEIPT,7S 7517,2025-11-05 15:00:08,2025-11-05 15:00:36,27,00:00:27,1,500
2025-11-05 15:00:38,START,9L 7515,2025-11-05 15:00:38,,,,,
2025-11-05 15:00:43,START,1S 1347,2025-11-05 15:00:43,,,,,
2025-11-05 15:00:44,START,7S 7347,2025-11-05 15:00:44,,,,,
2025-11-05 15:00:47,RECEIPT,0L 7575,2025-11-05 15:00:30,2025-11-05 15:00:47,17,00:00:17,1,500
2025-11-05 15:00:52,START,9L 7575,2025-11-05 15:00:52,,,,,
2025-11-05 15:00:55,START,9L 7573,2025-11-05 15:00:55,,,,,
2025-11-05 15:00:56,START,9L 7551,2025-11-05 15:00:56,,,,,
2025-11-05 15:01:02,START,1A 1752,2025-11-05 15:01:02,,,,,
2025-11-05 15:01:06,START,9L 2575,2025-11-05 15:01:05,,,,,
2025-11-05 15:01:13,START,1A 7525,2025-11-05 15:01:13,,,,,
2025-11-05 15:01:22,START,1A 1757,2025-11-05 15:01:22,,,,,
2025-11-05 15:01:26,START,8A 1757,2025-11-05 15:01:25,,,,,
2025-11-05 15:01:36,RECEIPT,0L 7575,2025-11-05 15:00:47,2025-11-05 15:01:36,48,00:00:48,1,500
2025-11-05 15:01:38,RECEIPT,9L 7573,2025-11-05 15:00:55,2025-11-05 15:01:38,42,00:00:42,1,500
2025-11-05 15:22:04,START,1D 1601,2025-11-05 15:22:04,,,,,
2025-11-05 15:22:08,START,1V 4401,2025-11-05 15:22:08,,,,,
2025-11-05 15:22:11,START,1D 4671,2025-11-05 15:22:11,,,,,
2025-11-05 15:22:13,START,1D 9866,2025-11-05 15:22:13,,,,,
2025-11-05 15:22:22,START,1D 9411,2025-11-05 15:22:22,,,,,
2025-11-05 15:22:41,START,1D 9611,2025-11-05 15:22:40,,,,,
2025-11-05 15:22:44,START,1D 9671,2025-11-05 15:22:43,,,,,
2025-11-05 15:23:06,START,1D 9662,2025-11-05 15:23:06,,,,,
2025-11-05 15:23:09,START,6S 8131,2025-11-05 15:23:09,,,,,
2025-11-05 15:23:11,START,0S 4010,2025-11-05 15:23:11,,,,,
2025-11-05 15:23:12,START,8Z 6230,2025-11-05 15:23:12,,,,,
2025-11-05 15:23:14,START,0S 9142,2025-11-05 15:23:14,,,,,
2025-11-05 15:23:33,START,1D 4663,2025-11-05 15:23:33,,,,,
2025-11-05 15:23:39,START,9B 6109,2025-11-05 15:23:39,,,,,
2025-11-05 15:23:45,START,9B 6798,2025-11-05 15:23:45,,,,,
2025-11-05 15:23:48,START,1S 9261,2025-11-05 15:23:48,,,,,
2025-11-05 15:24:02,START,9Z 6329,2025-11-05 15:24:02,,,,,
2025-11-05 15:24:25,RECEIPT,1D 9662,2025-11-05 15:23:06,2025-11-05 15:24:25,78,00:01:18,2,1000
2025-11-05 15:24:28,START,4D 4661,2025-11-05 15:24:28,,,,,
2025-11-05 15:24:34,RECEIPT,1D 4663,2025-11-05 15:23:33,2025-11-05 15:24:34,61,00:01:01,2,1000
2025-11-05 15:24:36,START,0I 2401,2025-11-05 15:24:36,,,,,
2025-11-05 15:24:37,RECEIPT,1D 9662,2025-11-05 15:24:25,2025-11-05 15:24:37,12,00:00:12,1,500
2025-11-05 15:26:22,START,7K 3157,2025-11-05 15:26:22,,,,,
2025-11-05 15:26:52,RECEIPT,7K 3157,2025-11-05 15:26:22,2025-11-05 15:26:52,30,00:00:30,1,500
2025-11-05 15:27:21,START,7K 5157,2025-11-05 15:27:21,,,,,
2025-11-05 15:27:24,START,5I 5107,2025-11-05 15:27:24,,,,,
2025-11-05 15:28:06,START,1D 1015,2025-11-05 15:28:06,,,,,
2025-11-05 15:28:46,START,1S 3111,2025-11-05 15:28:46,,,,,
2025-11-05 15:28:50,START,1I 5711,2025-11-05 15:28:50,,,,,
2025-11-05 15:28:53,START,1K 3151,2025-11-05 15:28:53,,,,,
2025-11-05 15:28:58,START,3I 5731,2025-11-05 15:28:58,,,,,
2025-11-05 15:28:59,START,1O 1511,2025-11-05 15:28:59,,,,,
2025-11-05 15:29:03,START,1J 1573,2025-11-05 15:29:02,,,,,
2025-11-05 15:29:04,START,1I 5115,2025-11-05 15:29:04,,,,,
2025-11-06 11:07:14,START,1D 9610,2025-11-06 11:07:14,,,,,
2025-11-06 11:07:42,START,1O 9662,2025-11-06 11:07:42,,,,,
2025-11-06 11:07:44,START,1D 9662,2025-11-06 11:07:43,,,,,
2025-11-06 11:08:05,START,1D 9462,2025-11-06 11:08:05,,,,,
2025-11-06 11:08:07,START,1D 6621,2025-11-06 11:08:06,,,,,
2025-11-06 11:32:04,START,ENTRY,1D 9662,2025-11-06 11:32:04,,,,,
2025-11-06 11:32:35,START,ENTRY,1D 9615,2025-11-06 11:32:35,,,,,
2025-11-06 11:32:41,START,ENTRY,9B 6216,2025-11-06 11:32:41,,,,,
2025-11-06 11:32:54,START,ENTRY,1D 9667,2025-11-06 11:32:54,,,,,
2025-11-06 11:33:20,START,ENTRY,1I 9662,2025-11-06 11:33:20,,,,,
2025-11-06 11:33:22,START,ENTRY,1V 9661,2025-11-06 11:33:22,,,,,
2025-11-06 11:33:25,START,ENTRY,1D 4661,2025-11-06 11:33:25,,,,,
2025-11-06 11:33:27,START,ENTRY,1O 4661,2025-11-06 11:33:27,,,,,
2025-11-06 11:33:33,START,ENTRY,1O 9662,2025-11-06 11:33:33,,,,,
2025-11-06 11:33:52,RECEIPT,EXIT,1D 9662,2025-11-06 11:32:04,2025-11-06 11:33:52,108,00:01:48,2,1000
2025-11-13 09:05:06,START,ENTRY,7S 7575,2025-11-13 09:05:06,,,,,
2025-11-13 09:05:08,START,ENTRY,7S 7307,2025-11-13 09:05:08,,,,,
2025-11-13 09:05:09,START,ENTRY,7L 7575,2025-11-13 09:05:09,,,,,
2025-11-13 09:05:22,RECEIPT,EXIT,7S 7575,2025-11-13 09:05:06,2025-11-13 09:05:22,15,00:00:15,1,500
2025-11-13 09:05:49,START,ENTRY,0L 7575,2025-11-13 09:05:49,,,,,
2025-11-13 09:06:03,START,ENTRY,1L 5017,2025-11-13 09:06:03,,,,,
2025-11-13 09:06:07,START,ENTRY,7L 1518,2025-11-13 09:06:07,,,,,
2025-11-13 09:06:10,START,ENTRY,0L 7579,2025-11-13 09:06:10,,,,,
2025-11-13 09:06:11,START,ENTRY,7S 7575,2025-11-13 09:06:11,,,,,
2025-11-13 09:06:12,START,ENTRY,7S 7875,2025-11-13 09:06:12,,,,,
2025-11-13 09:06:14,START,ENTRY,1S 7517,2025-11-13 09:06:14,,,,,
2025-11-13 09:06:16,START,ENTRY,0L 1554,2025-11-13 09:06:16,,,,,
2025-11-13 09:06:19,START,ENTRY,7S 7915,2025-11-13 09:06:19,,,,,
2025-11-13 09:06:22,START,ENTRY,9L 7575,2025-11-13 09:06:22,,,,,
2025-11-13 09:06:31,RECEIPT,EXIT,9L 7575,2025-11-13 09:06:22,2025-11-13 09:06:31,9,00:00:09,1,500
2025-11-13 15:33:22,START,ENTRY,1D 9662,2025-11-13 15:33:22,,,,,
2025-11-13 15:33:25,START,ENTRY,1D 9664,2025-11-13 15:33:25,,,,,
2025-11-13 15:33:50,RECEIPT,EXIT,1D 9662,2025-11-13 15:33:22,2025-11-13 15:33:50,28,00:00:28,1,500
2025-11-13 15:47:50,START,ENTRY,1D 4608,2025-11-13 15:47:50,,,,,
2025-11-13 15:47:58,START,ENTRY,1I 2166,2025-11-13 15:47:58,,,,,
2025-11-13 15:47:59,START,ENTRY,1D 9662,2025-11-13 15:47:59,,,,,
2025-11-13 15:48:03,START,ENTRY,1Z 9604,2025-11-13 15:48:03,,,,,
2025-11-13 15:48:13,START,ENTRY,1D 6610,2025-11-13 15:48:13,,,,,
2025-11-13 15:48:19,RECEIPT,EXIT,1D 9662,2025-11-13 15:47:59,2025-11-13 15:48:19,19,00:00:19,1,500
2025-11-13 15:50:41,START,ENTRY,1D 9662,2025-11-13 15:50:41,,,,,
2025-11-13 15:50:53,RECEIPT,EXIT,1D 9662,2025-11-13 15:50:41,2025-11-13 15:50:53,12,00:00:12,1,500
2025-11-13 16:26:51,START,ENTRY,1D 9662,2025-11-13 16:26:51,,,,,
2025-11-13 16:27:09,START,ENTRY,1D 9667,2025-11-13 16:27:09,,,,,
2025-11-13 16:27:48,START,ENTRY,1W 9662,2025-11-13 16:27:48,,,,,
2025-11-13 16:28:04,START,ENTRY,1I 1662,2025-11-13 16:28:04,,,,,
2025-11-13 16:31:50,START,ENTRY,1D 9621,2025-11-13 16:31:50,,,,,
2025-11-13 16:31:51,START,ENTRY,1D 9662,2025-11-13 16:31:51,,,,,
2025-11-13 16:31:53,START,ENTRY,1D 9663,2025-11-13 16:31:53,,,,,
2025-11-13 16:31:55,START,ENTRY,1S 9662,2025-11-13 16:31:55,,,,,
2025-11-13 16:32:23,RECEIPT,EXIT,1D 9662,2025-11-13 16:31:51,2025-11-13 16:32:23,31,00:00:31,1,500
2025-11-13 20:37:07,START,ENTRY,1L 6111,2025-11-13 20:37:07,,,,,
2025-11-13 20:37:31,START,ENTRY,1D 9663,2025-11-13 20:37:31,,,,,
2025-11-13 20:38:13,START,ENTRY,1D 1667,2025-11-13 20:38:13,,,,,
2025-11-13 20:38:28,START,ENTRY,1D 9661,2025-11-13 20:38:28,,,,,
2025-11-13 20:38:29,START,ENTRY,1D 9662,2025-11-13 20:38:29,,,,,
2025-11-13 20:38:42,RECEIPT,EXIT,1D 9662,2025-11-13 20:38:29,2025-11-13 20:38:42,13,00:00:13,1,500
2025-11-13 20:40:40,START,ENTRY,1D 9662,2025-11-13 20:40:40,,,,,
2025-11-13 20:40:41,START,ENTRY,7I 0966,2025-11-13 20:40:41,,,,,
2025-11-13 20:40:43,START,ENTRY,1O 9662,2025-11-13 20:40:43,,,,,
2025-11-13 20:40:45,START,ENTRY,4S 9662,2025-11-13 20:40:45,,,,,
2025-11-13 20:41:10,RECEIPT,EXIT,1D 9662,2025-11-13 20:40:40,2025-11-13 20:41:10,30,00:00:30,1,500
2025-11-14 17:38:01,START,ENTRY,1D 9602,2025-11-14 17:38:01,,,,,
2025-11-14 17:47:53,START,ENTRY,1B 6318,2025-11-14 17:47:53,,,,,
2025-11-14 17:48:02,START,ENTRY,7B 6376,2025-11-14 17:48:02,,,,,
2025-11-14 17:48:13,START,ENTRY,3B 6378,2025-11-14 17:48:13,,,,,
2025-11-14 17:48:14,START,ENTRY,9I 9831,2025-11-14 17:48:14,,,,,
2025-11-14 17:48:15,START,ENTRY,9B 6298,2025-11-14 17:48:15,,,,,
2025-11-14 17:48:17,START,ENTRY,9B 6719,2025-11-14 17:48:17,,,,,
2025-11-14 17:48:22,START,ENTRY,1L 9662,2025-11-14 17:48:22,,,,,
2025-11-14 17:48:48,START,ENTRY,9Z 1902,2025-11-14 17:48:48,,,,,
2025-11-14 17:48:55,START,ENTRY,9O 2190,2025-11-14 17:48:55,,,,,
2025-11-14 17:49:40,START,ENTRY,1J 9861,2025-11-14 17:49:40,,,,,
2025-11-14 17:50:01,START,ENTRY,4Z 8351,2025-11-14 17:50:01,,,,,
2025-11-14 17:50:12,START,ENTRY,6Z 4342,2025-11-14 17:50:12,,,,,
2025-11-14 17:50:54,START,ENTRY,4Z 3428,2025-11-14 17:50:54,,,,,
2025-11-14 17:50:55,START,ENTRY,4B 1314,2025-11-14 17:50:55,,,,,
2025-11-14 17:55:31,START,ENTRY,9B 6729,2025-11-14 17:55:31,,,,,
2025-11-14 17:59:26,START,ENTRY,1J 9797,2025-11-14 17:59:26,,,,,
2025-11-14 18:08:46,START,ENTRY,1D 1661,2025-11-14 18:08:46,,,,,
2025-11-14 18:09:23,START,ENTRY,1D 1610,2025-11-14 18:09:23,,,,,
2025-11-14 18:09:25,START,ENTRY,1D 9667,2025-11-14 18:09:25,,,,,
2025-11-14 18:09:26,START,ENTRY,1D 9663,2025-11-14 18:09:26,,,,,
2025-11-14 18:09:29,START,ENTRY,1D 9617,2025-11-14 18:09:29,,,,,
2025-11-14 18:09:31,START,ENTRY,1D 5663,2025-11-14 18:09:31,,,,,
2025-11-14 18:09:33,START,ENTRY,1D 9661,2025-11-14 18:09:33,,,,,
2025-11-14 18:09:34,START,ENTRY,1D 5667,2025-11-14 18:09:34,,,,,
2025-11-14 18:09:38,START,ENTRY,1D 1667,2025-11-14 18:09:38,,,,,
2025-11-14 18:09:45,START,ENTRY,1D 9666,2025-11-14 18:09:45,,,,,
2025-11-14 18:09:53,START,ENTRY,1O 4664,2025-11-14 18:09:53,,,,,
2025-11-14 18:09:54,START,ENTRY,4O 4664,2025-11-14 18:09:54,,,,,
2025-11-14 18:10:49,START,ENTRY,1O 9661,2025-11-14 18:10:49,,,,,
2025-11-14 18:14:08,RECEIPT,EXIT,1D 1667,2025-11-14 18:09:38,2025-11-14 18:14:08,270,00:04:30,5,2500
2025-11-14 18:14:53,RECEIPT,EXIT,1D 9661,2025-11-14 18:09:33,2025-11-14 18:14:53,320,00:05:20,6,3000
2025-11-14 18:20:17,START,ENTRY,1V 4610,2025-11-14 18:20:17,,,,,
2025-11-14 18:23:28,START,ENTRY,1D 9110,2025-11-14 18:23:28,,,,,
2025-11-14 18:23:56,RECEIPT,EXIT,1D 9667,2025-11-14 18:09:25,2025-11-14 18:23:56,870,00:14:30,15,7500
2025-11-14 18:24:11,RECEIPT,EXIT,1D 9663,2025-11-14 18:09:26,2025-11-14 18:24:11,884,00:14:44,15,7500
2025-11-14 18:25:37,START,ENTRY,1D 9601,2025-11-14 18:25:37,,,,,
2025-11-14 18:31:54,START,ENTRY,1D 9612,2025-11-14 18:31:54,,,,,
2025-11-14 18:31:56,START,ENTRY,1D 9667,2025-11-14 18:31:56,,,,,
2025-11-14 18:31:59,START,ENTRY,1O 9667,2025-11-14 18:31:59,,,,,
2025-11-14 18:32:03,START,ENTRY,1D 9661,2025-11-14 18:32:03,,,,,
2025-11-14 18:34:13,RECEIPT,EXIT,1D 9667,2025-11-14 18:31:56,2025-11-14 18:34:13,137,00:02:17,3,1500
2025-11-14 18:36:30,START,ENTRY,1D 9663,2025-11-14 18:36:30,,,,,
2025-11-14 18:37:01,START,ENTRY,1D 9010,2025-11-14 18:37:01,,,,,
2025-11-14 18:37:02,START,ENTRY,1D 4631,2025-11-14 18:37:02,,,,,
2025-11-14 18:38:01,START,ENTRY,0J 0961,2025-11-14 18:38:01,,,,,
2025-11-14 18:38:02,START,ENTRY,1D 1006,2025-11-14 18:38:02,,,,,
2025-11-14 18:38:06,START,ENTRY,1D 4661,2025-11-14 18:38:06,,,,,
2025-11-14 18:38:14,START,ENTRY,1D 0131,2025-11-14 18:38:14,,,,,
2025-11-14 18:38:19,START,ENTRY,1D 9662,2025-11-14 18:38:19,,,,,
2025-11-14 18:41:24,RECEIPT,EXIT,1D 9662,2025-11-14 18:38:19,2025-11-14 18:41:24,184,00:03:04,4,2000
2025-11-14 18:42:09,START,ENTRY,1D 9667,2025-11-14 18:42:09,,,,,
2025-11-14 18:42:52,START,ENTRY,1Z 3222,2025-11-14 18:42:52,,,,,
2025-11-14 18:45:05,START,ENTRY,6S 1230,2025-11-14 18:45:05,,,,,
2025-11-14 18:45:13,START,ENTRY,1D 4663,2025-11-14 18:45:13,,,,,
2025-11-14 18:45:19,START,ENTRY,1O 4661,2025-11-14 18:45:19,,,,,
2025-11-14 18:46:38,START,ENTRY,1D 1660,2025-11-14 18:46:38,,,,,
2025-11-14 18:46:41,START,ENTRY,1D 1611,2025-11-14 18:46:41,,,,,
2025-11-14 18:46:43,START,ENTRY,1O 9161,2025-11-14 18:46:43,,,,,
2025-11-14 18:46:45,START,ENTRY,0L 6716,2025-11-14 18:46:45,,,,,
2025-11-14 18:46:46,START,ENTRY,1D 1613,2025-11-14 18:46:46,,,,,
2025-11-14 18:46:48,START,ENTRY,1O 1613,2025-11-14 18:46:48,,,,,
2025-11-14 18:49:46,START,ENTRY,1D 1031,2025-11-14 18:49:46,,,,,
2025-11-14 18:50:51,START,ENTRY,1D 9631,2025-11-14 18:50:51,,,,,
2025-11-14 18:50:56,START,ENTRY,1D 6101,2025-11-14 18:50:56,,,,,
2025-11-14 18:51:26,START,ENTRY,6I 0413,2025-11-14 18:51:26,,,,,
2025-11-14 18:51:40,START,ENTRY,1T 1026,2025-11-14 18:51:40,,,,,
2025-11-14 18:51:55,START,ENTRY,1D 9662,2025-11-14 18:51:55,,,,,
2025-11-14 18:53:08,RECEIPT,EXIT,1D 9662,2025-11-14 18:51:55,2025-11-14 18:53:08,73,00:01:13,2,1000
2025-11-14 18:57:01,START,ENTRY,2I 7621,2025-11-14 18:57:01,,,,,
2025-11-14 18:57:17,START,ENTRY,4Z 3712,2025-11-14 18:57:17,,,,,
2025-11-14 19:01:34,START,ENTRY,1D 9661,2025-11-14 19:01:34,,,,,
2025-11-14 19:02:30,START,ENTRY,1D 9662,2025-11-14 19:02:30,,,,,
2025-11-14 19:03:06,START,ENTRY,7C 2371,2025-11-14 19:03:06,,,,,
2025-11-14 19:03:12,START,ENTRY,7C 2362,2025-11-14 19:03:12,,,,,
2025-11-14 19:03:22,START,ENTRY,4B 1348,2025-11-14 19:03:22,,,,,
2025-11-14 19:03:40,RECEIPT,EXIT,1D 9662,2025-11-14 19:02:30,2025-11-14 19:03:40,69,00:01:09,2,1000
2025-11-14 19:04:07,START,ENTRY,1D 9663,2025-11-14 19:04:07,,,,,
2025-11-14 19:05:45,START,ENTRY,1D 9667,2025-11-14 19:05:45,,,,,
2025-11-14 19:05:55,START,ENTRY,1D 9665,2025-11-14 19:05:55,,,,,
2025-11-14 19:06:18,START,ENTRY,1D 9662,2025-11-14 19:06:18,,,,,
2025-11-14 19:06:37,RECEIPT,EXIT,1D 9662,2025-11-14 19:06:18,2025-11-14 19:06:37,19,00:00:19,1,500
2025-11-14 19:07:15,START,ENTRY,7K 3757,2025-11-14 19:07:15,,,,,
2025-11-14 19:07:29,START,ENTRY,7K 3137,2025-11-14 19:07:29,,,,,
2025-11-14 19:07:31,START,ENTRY,7K 3634,2025-11-14 19:07:31,,,,,
2025-11-14 19:07:38,START,ENTRY,7K 3157,2025-11-14 19:07:38,,,,,
2025-11-14 19:08:11,RECEIPT,EXIT,7K 3757,2025-11-14 19:07:15,2025-11-14 19:08:11,56,00:00:56,1,500
